Subject_Name,Label,H1,H2,H3,H4,H5,H6,H7,H8,H9,H10,H11,DD1,DD2,DD3,DD4,DD5,DD6,DD7,DD8,DD9,DD10,UD1,UD2,UD3,UD4,UD5,UD6,UD7,UD8,UD9,UD10
impostor1,0,0.09090909090909093,0.09090909090909093,0.09090909090909093,0.09090909090909093,0.09090909090909093,0.09090909090909093,0.09090909090909093,0.09090909090909093,0.09090909090909093,0.09090909090909093,0.09090909090909093,0.10000000000000002,0.10000000000000002,0.10000000000000002,0.10000000000000002,0.10000000000000002,0.10000000000000002,0.10000000000000002,0.10000000000000002,0.10000000000000002,0.10000000000000002,0.10000000000000002,0.10000000000000002,0.10000000000000002,0.10000000000000002,0.10000000000000002,0.10000000000000002,0.10000000000000002,0.10000000000000002,0.10000000000000002,0.10000000000000002
owner,1,0.09090909090909093,0.09090909090909093,0.09090909090909093,0.09090909090909093,0.09090909090909093,0.09090909090909093,0.09090909090909093,0.09090909090909093,0.09090909090909093,0.09090909090909093,0.09090909090909093,0.10000000000000002,0.10000000000000002,0.10000000000000002,0.10000000000000002,0.10000000000000002,0.10000000000000002,0.10000000000000002,0.10000000000000002,0.10000000000000002,0.10000000000000002,0.10000000000000002,0.10000000000000002,0.10000000000000002,0.10000000000000002,0.10000000000000002,0.10000000000000002,0.10000000000000002,0.10000000000000002,0.10000000000000002,0.10000000000000002
